{"cameraMode":{"drawMode":0,"name":"Shaded","section":"Shading Mode"},"sceneLighting":true,"audioPlay":false,"sceneViewState":{"m_AlwaysRefresh":false,"showFog":true,"showSkybox":true,"showFlares":true,"showImageEffects":true,"showParticleSystems":true,"showVisualEffectGraphs":true,"m_FxEnabled":true},"in2DMode":false,"pivot":{"x":-5.000897407531738,"y":2.3273024559020998,"z":-0.49423789978027346},"rotation":{"x":-0.007498707622289658,"y":-0.27913933992385867,"z":0.002182888798415661,"w":-0.9602371454238892},"size":7.217148780822754,"orthographic":false}